#SMILES,ID,pKBHX,Name,Ref,Ref.URL,sa
C#CC#N,pKBHX.0001,0.3,prop-2-ynenitrile,JPOC.2000.347,http://dx.doi.org/10.1002/1099-1395(200006)13:6<347::AID-POC251>3.0.CO;2-E,0.6128
C#CCN,pKBHX.0002,1.57,prop-2-yn-1-amine,JCSP2.1999.997,http://dx.doi.org/10.1039/A809265F,1.1331
C#CCN(CC#C)CC#C,pKBHX.0003,0.87,"N,N-bis(prop-2-ynyl)prop-2-yn-1-amine",CJC.2002.1375,http://dx.doi.org/10.1139/v02-176,0.7388
C(#N)Cl,pKBHX.0004,0.19,carbononitridic:chloride,JPOC.2000.347,http://dx.doi.org/10.1002/1099-1395(200006)13:6<347::AID-POC251>3.0.CO;2-E,0.3296
C(#N)c1c(c(c(c(c1F)F)F)F)F,pKBHX.0005,0.01,"2,3,4,5,6-pentafluorobenzonitrile",JMC.2009.4073,http://dx.doi.org/10.1021/jm801331y,1.3752
C(=O)N,pKBHX.0006,1.75,formamide,JMC.2009.4073,http://dx.doi.org/10.1021/jm801331y,1.6426
C(C#N)Cl,pKBHX.0007,0.39,2-chloroacetonitrile,JPOC.2000.347,http://dx.doi.org/10.1002/1099-1395(200006)13:6<347::AID-POC251>3.0.CO;2-E,0.762
C(C(=O)CCl)Cl,pKBHX.0008,0.32,"1,3-dichloropropan-2-one",JCSP2.1998.101,http://dx.doi.org/10.1039/A704427E,1.0906
C(C(F)(F)F)N,pKBHX.0009,0.67,"2,2,2-trifluoroethanamine",JCSP2.1999.997,http://dx.doi.org/10.1039/A809265F,1.9815
C(C(F)(F)F)O,pKBHX.0010,-0.28,"2,2,2-trifluoroethanol",JMC.2009.4073,http://dx.doi.org/10.1021/jm801331y,1.5114
C(CCl)NCCCl,pKBHX.0011,1.19,2-chloro-N-(2-chloroethyl)ethanamine,JCSP2.2001.2130,http://dx.doi.org/10.1039/B105082F,1.7902
C(CCl)O,pKBHX.0012,0.5,2-chloroethanol,JMC.2009.4073,http://dx.doi.org/10.1021/jm801331y,1.2471
C(CCl)OCCCl,pKBHX.0013,0.27,1-chloro-2-(2-chloroethoxy)ethane,EJOC.1998.925,http://dx.doi.org/10.1002/(SICI)1099-0690(199805)1998:5<925::AID-EJOC925>3.0.CO;2-F,1.3811
C(CF)CF,pKBHX.0014,0.03,"1,3-difluoropropane",JPOC.2005.227,http://dx.doi.org/10.1002/poc.813,1.2677
C/C(=N\C#N)/N(C)C,pKBHX.0015,2.24,"N'-cyano-N,N-dimethyl-acetamidine",JPOC.2000.347,http://dx.doi.org/10.1002/1099-1395(200006)13:6<347::AID-POC251>3.0.CO;2-E,2.2461
C/N=C/c1ccccc1,pKBHX.0016,1.49,N-methyl-1-phenyl-methanimine,JMC.2009.4073,http://dx.doi.org/10.1021/jm801331y,0.9048
C1=CC(=O)C=CC1=O,pKBHX.0017,0.81,"1,4-benzoquinone",JCSP2.1998.101,http://dx.doi.org/10.1039/A704427E,1.4258
C1C(O1)CCl,pKBHX.0018,0.44,2-(chloromethyl)oxirane,EJOC.1998.925,http://dx.doi.org/10.1002/(SICI)1099-0690(199805)1998:5<925::AID-EJOC925>3.0.CO;2-F,1.0386
C1C2CC3(CC1CC(C2)(C3)F)F,pKBHX.0019,0.3,"1,3-difluoroadamantane",JPOC.2005.227,http://dx.doi.org/10.1002/poc.813,1.401
C1C2CC3CC1CC(C2)(C3)F,pKBHX.0020,0.31,1-fluoroadamantane,JPOC.2005.227,http://dx.doi.org/10.1002/poc.813,0.7399
C1C2CC3CC1CC(C2)(C3)N,pKBHX.0021,2.31,adamantan-1-amine,JCSP2.1999.997,http://dx.doi.org/10.1039/A809265F,1.251
C1C2CC3CC1CC(C2)C34C5(O4)C6CC7CC(C6)CC5C7,pKBHX.0023,1.44,biadamantylidene.epoxide,EJOC.1998.925,http://dx.doi.org/10.1002/(SICI)1099-0690(199805)1998:5<925::AID-EJOC925>3.0.CO;2-F,0.8391
C1C2CC3CC1CC(C2)C3F,pKBHX.0024,-0.02,2-fluoroadamantane,JPOC.2005.227,http://dx.doi.org/10.1002/poc.813,0.7589
C1CC(=O)C1,pKBHX.0025,1.0,cyclobutanone,JCSP2.1998.101,http://dx.doi.org/10.1039/A704427E,0.836
C1CC(=O)OC1,pKBHX.0026,1.32,tetrahydrofuran-2-one,JCSP2.1994.485,http://dx.doi.org/10.1039/P29940000485,1.3238
C1CC1C#N,pKBHX.0027,1.03,cyclopropanecarbonitrile,JPOC.2000.347,http://dx.doi.org/10.1002/1099-1395(200006)13:6<347::AID-POC251>3.0.CO;2-E,0.8242
C1CC1N,pKBHX.0028,1.74,cyclopropanamine,JCSP2.1999.997,http://dx.doi.org/10.1039/A809265F,1.2279
C1CC=COC1,pKBHX.0029,0.41,"3,4-dihydro-2H-pyran",EJOC.1998.925,http://dx.doi.org/10.1002/(SICI)1099-0690(199805)1998:5<925::AID-EJOC925>3.0.CO;2-F,0.7806
C1CCC(=O)C1,pKBHX.0030,1.27,cyclopentanone,JCSP2.1998.101,http://dx.doi.org/10.1039/A704427E,0.8834
C1CCC(=O)CC1,pKBHX.0031,1.39,cyclohexanone,JCSP2.1998.101,http://dx.doi.org/10.1039/A704427E,0.9088
C1CCC(=O)OCC1,pKBHX.0032,1.63,oxepan-2-one,JCSP2.1994.485,http://dx.doi.org/10.1039/P29940000485,1.4551
C1CCC(=S)NCC1,pKBHX.0033,1.6,azepane-2-thione,JMC.2009.4073,http://dx.doi.org/10.1021/jm801331y,1.4313
C1CCC(CC1)F,pKBHX.0034,0.09,fluorocyclohexane,JMC.2009.4073,http://dx.doi.org/10.1021/jm801331y,0.7417
C1CCC(CC1)N,pKBHX.0035,2.29,cyclohexanamine,JCSP2.1999.997,http://dx.doi.org/10.1039/A809265F,1.2598
C1CCC(CC1)O,pKBHX.0036,1.14,cyclohexanol,JMC.2009.4073,http://dx.doi.org/10.1021/jm801331y,1.0468
C1CCC2C(C1)O2,pKBHX.0037,1.13,7-oxabicyclo[4.1.0]heptane,EJOC.1998.925,http://dx.doi.org/10.1002/(SICI)1099-0690(199805)1998:5<925::AID-EJOC925>3.0.CO;2-F,0.8041
C1CCC=CC1,pKBHX.0038,-0.82,cyclohexene,JMC.2009.4073,http://dx.doi.org/10.1021/jm801331y,0.0
C1CCN(C1)CCCl,pKBHX.0039,1.45,1-(2-chloroethyl)pyrrolidine,CJC.2002.1375,http://dx.doi.org/10.1139/v02-176,1.2513
C1CCNC1,pKBHX.0040,2.59,pyrrolidine,JCSP2.2001.2130,http://dx.doi.org/10.1039/B105082F,1.0457
C1CCNCC1,pKBHX.0041,2.38,piperidine,JCSP2.2001.2130,http://dx.doi.org/10.1039/B105082F,1.0569
C1CCOC(=O)C1,pKBHX.0042,1.57,tetrahydropyran-2-one,JCSP2.1994.485,http://dx.doi.org/10.1039/P29940000485,1.3826
C1CCOC1,pKBHX.0043,1.28,tetrahydrofuran,EJOC.1998.925,http://dx.doi.org/10.1002/(SICI)1099-0690(199805)1998:5<925::AID-EJOC925>3.0.CO;2-F,0.8425
C1CCOCC1,pKBHX.0044,1.23,tetrahydropyran,EJOC.1998.925,http://dx.doi.org/10.1002/(SICI)1099-0690(199805)1998:5<925::AID-EJOC925>3.0.CO;2-F,0.8463
C1CCS(=O)(=O)C1,pKBHX.0045,1.47,"thiolane:1,1-dioxide",JCSP2.1996.1047,http://dx.doi.org/10.1039/P29960001047,1.4936
C1CCS(=O)C1,pKBHX.0046,2.46,thiolane:1-oxide,JOC.2010.4105,http://dx.doi.org/10.1021/jo100461z,0.933
C1CCSC1,pKBHX.0047,0.32,tetrahydrothiophene,CJC.2005.138,http://dx.doi.org/10.1139/v05-007,0.4844
C1CCSCC1,pKBHX.0048,0.23,tetrahydrothiopyran,CJC.2005.138,http://dx.doi.org/10.1139/v05-007,0.5067
C1CN2CCC1C(C2)Cl,pKBHX.0049,1.97,3-chloroquinuclidine,CJC.2002.1375,http://dx.doi.org/10.1139/v02-176,1.2948
C1CN2CCC1CC2,pKBHX.0050,2.71,quinuclidine,CJC.2002.1375,http://dx.doi.org/10.1139/v02-176,0.8779
C1CN2CCN1CC2,pKBHX.0051,2.63,"1,4-diazabicyclo[2.2.2]octane",CJC.2002.1375,http://dx.doi.org/10.1139/v02-176,1.6572
C1CNC1,pKBHX.0052,2.59,azetidine,JCSP2.2001.2130,http://dx.doi.org/10.1039/B105082F,1.0124
C1CNCCN1,pKBHX.0053,2.42,piperazine,JCSP2.2001.2130,http://dx.doi.org/10.1039/B105082F,2.0224
C1COC1,pKBHX.0054,1.36,oxetane,EJOC.1998.925,http://dx.doi.org/10.1002/(SICI)1099-0690(199805)1998:5<925::AID-EJOC925>3.0.CO;2-F,0.8056
C1COC1=O,pKBHX.0055,0.86,oxetan-2-one,JCSP2.1994.485,http://dx.doi.org/10.1039/P29940000485,1.2097
C1COC=C1,pKBHX.0056,0.53,"2,3-dihydrofuran",EJOC.1998.925,http://dx.doi.org/10.1002/(SICI)1099-0690(199805)1998:5<925::AID-EJOC925>3.0.CO;2-F,0.7584
C1COCCN1,pKBHX.0057,1.86,morpholine,JCSP2.2001.2130,http://dx.doi.org/10.1039/B105082F,1.7939
C1COCCO1,pKBHX.0058,1.03,"1,4-dioxane",EJOC.1998.925,http://dx.doi.org/10.1002/(SICI)1099-0690(199805)1998:5<925::AID-EJOC925>3.0.CO;2-F,1.5518
C1COCO1,pKBHX.0059,0.75,"1,3-dioxolane",EJOC.1998.925,http://dx.doi.org/10.1002/(SICI)1099-0690(199805)1998:5<925::AID-EJOC925>3.0.CO;2-F,1.5034
C1COCOC1,pKBHX.0060,0.93,"1,3-dioxane",EJOC.1998.925,http://dx.doi.org/10.1002/(SICI)1099-0690(199805)1998:5<925::AID-EJOC925>3.0.CO;2-F,1.515
C1COS(=O)O1,pKBHX.0061,0.86,"1,3,2-dioxathiolane:2-oxide",JOC.2010.4105,http://dx.doi.org/10.1021/jo100461z,1.0853
C1CS1,pKBHX.0062,0.03,thiirane,CJC.2005.138,http://dx.doi.org/10.1139/v05-007,0.4432
C1CSC(=S)S1,pKBHX.0063,0.3,"1,3-dithiolane-2-thione",JCSP2.1995.2075,http://dx.doi.org/10.1039/P29950002075,0.6298
C1CSC1,pKBHX.0064,0.13,thietane,CJC.2005.138,http://dx.doi.org/10.1139/v05-007,0.4252
C1CSCCN1,pKBHX.0065,1.69,thiomorpholine,JCSP2.2001.2130,http://dx.doi.org/10.1039/B105082F,1.4586
C1CSCCS1,pKBHX.0066,0.16,"1,4-dithiane",CJC.2005.138,http://dx.doi.org/10.1139/v05-007,0.9044
C1CSCN1,pKBHX.0067,1.17,thiazolidine,JCSP2.2001.2130,http://dx.doi.org/10.1039/B105082F,1.3962
C1CSCS1,pKBHX.0068,-0.07,"1,3-dithiolane",CJC.2005.138,http://dx.doi.org/10.1139/v05-007,0.8082
C1CSCSC1,pKBHX.0069,0.24,"1,3-dithiane",CJC.2005.138,http://dx.doi.org/10.1139/v05-007,0.88
C1N2CN3CN1CN(C2)C3,pKBHX.0070,1.93,hexamine,CJC.2002.1375,http://dx.doi.org/10.1139/v02-176,3.1972
C1OCOCO1,pKBHX.0071,0.5,"1,3,5-trioxane",EJOC.1998.925,http://dx.doi.org/10.1002/(SICI)1099-0690(199805)1998:5<925::AID-EJOC925>3.0.CO;2-F,1.9617
C1[C@H]2C[C@H]3C[C@@H]1[C@@H](C(C2)[C@@H]3F)F,pKBHX.0072,0.48,"(1S,2R,4S,5R)-2,4-difluoroadamantane",JPOC.2005.227,http://dx.doi.org/10.1002/poc.813,1.2778
C=CC#N,pKBHX.0073,0.7,prop-2-enenitrile,JPOC.2000.347,http://dx.doi.org/10.1002/1099-1395(200006)13:6<347::AID-POC251>3.0.CO;2-E,0.7377
C=CCN,pKBHX.0074,1.94,prop-2-en-1-amine,JCSP2.1999.997,http://dx.doi.org/10.1039/A809265F,1.2039
C=CCN(CC=C)CC=C,pKBHX.0075,1.34,"N,N-diallylprop-2-en-1-amine",CJC.2002.1375,http://dx.doi.org/10.1139/v02-176,0.8617
C=CCNCC=C,pKBHX.0076,1.7,N-allylprop-2-en-1-amine,JCSP2.2001.2130,http://dx.doi.org/10.1039/B105082F,1.0138
C=CCO,pKBHX.0077,0.79,prop-2-en-1-ol,JMC.2009.4073,http://dx.doi.org/10.1021/jm801331y,0.9629
C=CCOCC=C,pKBHX.0078,0.7,3-allyloxyprop-1-ene,EJOC.1998.925,http://dx.doi.org/10.1002/(SICI)1099-0690(199805)1998:5<925::AID-EJOC925>3.0.CO;2-F,0.8095
C=Cc1ccccn1,pKBHX.0079,1.65,2-vinylpyridine,JCSP2.1998.283,http://dx.doi.org/10.1039/A706696A,0.7923
C=Cc1ccncc1,pKBHX.0080,1.95,4-vinylpyridine,JCSP2.1998.283,http://dx.doi.org/10.1039/A706696A,0.7927
CC#N,pKBHX.0081,0.91,acetonitrile,JPOC.2000.347,http://dx.doi.org/10.1002/1099-1395(200006)13:6<347::AID-POC251>3.0.CO;2-E,0.7383
CC(=O)C,pKBHX.0082,1.18,acetone,JCSP2.1998.101,http://dx.doi.org/10.1039/A704427E,0.8558
CC(=O)C#C,pKBHX.0083,0.68,but-3-yn-2-one,JCSP2.1998.101,http://dx.doi.org/10.1039/A704427E,0.742
CC(=O)C(=O)C,pKBHX.0084,0.53,"butane-2,3-dione",JCSP2.1998.101,http://dx.doi.org/10.1039/A704427E,1.6086
CC(=O)C(Cl)(Cl)Cl,pKBHX.0085,0.0,"1,1,1-trichloropropan-2-one",JCSP2.1998.101,http://dx.doi.org/10.1039/A704427E,0.8517
CC(=O)C(Cl)Cl,pKBHX.0086,0.25,"1,1-dichloropropan-2-one",JCSP2.1998.101,http://dx.doi.org/10.1039/A704427E,1.0863
CC(=O)C(F)(F)F,pKBHX.0087,-0.06,"1,1,1-trifluoropropan-2-one",JCSP2.1998.101,http://dx.doi.org/10.1039/A704427E,1.2681
CC(=O)CCl,pKBHX.0088,0.66,1-chloropropan-2-one,JCSP2.1998.101,http://dx.doi.org/10.1039/A704427E,1.0638
CC(=O)N,pKBHX.0089,2.06,acetamide,JMC.2009.4073,http://dx.doi.org/10.1021/jm801331y,1.7958
CC(=O)N(C)C,pKBHX.0090,2.44,"N,N-dimethylacetamide",JCSP2.1992.2091,http://dx.doi.org/10.1039/P29920002091,1.6566
CC(=O)N(C)c1ccccc1,pKBHX.0091,2.19,N-methyl-N-phenyl-acetamide,JCSP2.1992.2091,http://dx.doi.org/10.1039/P29920002091,1.5677
CC(=O)N(C1CCCCC1)C2CCCCC2,pKBHX.0092,2.41,"N,N-dicyclohexylacetamide",JCSP2.1992.2091,http://dx.doi.org/10.1039/P29920002091,1.7733
CC(=O)N(c1ccccc1)c2ccccc2,pKBHX.0093,1.94,"N,N-diphenylacetamide",JCSP2.1992.2091,http://dx.doi.org/10.1039/P29920002091,1.5043
CC(=O)NC,pKBHX.0094,2.3,N-methylacetamide,JCSP2.1992.2091,http://dx.doi.org/10.1039/P29920002091,1.7431
CC(=O)OC,pKBHX.0095,1.0,methyl:acetate,JCSP2.1994.485,http://dx.doi.org/10.1039/P29940000485,1.5004
CC(=O)OC(C)(C)C,pKBHX.0096,1.1,tert-butyl:acetate,JCSP2.1994.485,http://dx.doi.org/10.1039/P29940000485,1.6557
CC(=O)c1ccc(cc1)C#N,pKBHX.0097,0.97,4-acetylbenzonitrile,JCSP2.1998.101,http://dx.doi.org/10.1039/A704427E,1.5606
CC(=O)c1ccc(cc1)C(=O)C,pKBHX.0098,1.22,1-(4-acetylphenyl)ethanone,JCSP2.1998.101,http://dx.doi.org/10.1039/A704427E,1.6632
CC(=O)c1ccc(cc1)C(F)(F)F,pKBHX.0099,0.78,1-[4-(trifluoromethyl)phenyl]ethanone,JCSP2.1998.101,http://dx.doi.org/10.1039/A704427E,1.8591
CC(=O)c1ccc(cc1)Cl,pKBHX.0100,0.93,1-(4-chlorophenyl)ethanone,JCSP2.1998.101,http://dx.doi.org/10.1039/A704427E,1.0923
CC(=O)c1ccc(cc1)F,pKBHX.0101,1.0,1-(4-fluorophenyl)ethanone,JCSP2.1998.101,http://dx.doi.org/10.1039/A704427E,1.3597
CC(=O)c1ccc(cc1)N(=O)=O,pKBHX.0102,0.69,1-(4-nitrophenyl)ethanone,JCSP2.1998.101,http://dx.doi.org/10.1039/A704427E,1.8603
CC(=O)c1ccc(cc1)N(C)C,pKBHX.0103,1.76,1-[4-(dimethylamino)phenyl]ethanone,JCSP2.1998.101,http://dx.doi.org/10.1039/A704427E,1.7075
CC(=O)c1ccc(cc1)OC,pKBHX.0104,1.33,1-(4-methoxyphenyl)ethanone,JCSP2.1998.101,http://dx.doi.org/10.1039/A704427E,1.5977
CC(=O)c1ccc(cc1)SC,pKBHX.0105,1.21,1-(4-methylsulfanylphenyl)ethanone,JCSP2.1998.101,http://dx.doi.org/10.1039/A704427E,1.2088
CC(=O)c1cccc(c1)C(=O)C,pKBHX.0106,1.16,1-(3-acetylphenyl)ethanone,JCSP2.1998.101,http://dx.doi.org/10.1039/A704427E,1.6358
CC(=O)c1cccc(c1)C(F)(F)F,pKBHX.0107,0.72,1-[3-(trifluoromethyl)phenyl]ethanone,JCSP2.1998.101,http://dx.doi.org/10.1039/A704427E,1.8264
CC(=O)c1cccc(c1)Cl,pKBHX.0108,0.82,1-(3-chlorophenyl)ethanone,JCSP2.1998.101,http://dx.doi.org/10.1039/A704427E,1.0971
CC(=O)c1cccc(c1)F,pKBHX.0109,0.83,1-(3-fluorophenyl)ethanone,JCSP2.1998.101,http://dx.doi.org/10.1039/A704427E,1.3373
CC(=O)c1cccc(c1)OC,pKBHX.0110,1.16,1-(3-methoxyphenyl)ethanone,JCSP2.1998.101,http://dx.doi.org/10.1039/A704427E,1.5977
CC(=O)c1ccccc1,pKBHX.0111,1.11,1-phenylethanone,JCSP2.1998.101,http://dx.doi.org/10.1039/A704427E,0.8624
CC(=O)c1ccncc1,pKBHX.0112,1.5,1-(4-pyridyl)ethanone,JCSP2.1998.283,http://dx.doi.org/10.1039/A706696A,1.5745
CC(=O)n1ccnc1,pKBHX.0113,1.86,1-imidazol-1-ylethanone,JMC.2009.4073,http://dx.doi.org/10.1021/jm801331y,1.977
CC(=S)N(C)C,pKBHX.0114,1.22,"N,N-dimethylthioacetamide",JMC.2009.4073,http://dx.doi.org/10.1021/jm801331y,1.3132
CC(=S)NC,pKBHX.0115,1.14,N-methylthioacetamide,JMC.2009.4073,http://dx.doi.org/10.1021/jm801331y,1.4018
CC(C)(C)/N=C/c1ccccc1,pKBHX.0116,1.29,N-tert-butyl-1-phenyl-methanimine,JMC.2009.4073,http://dx.doi.org/10.1021/jm801331y,0.9237
CC(C)(C)Br,pKBHX.0117,-0.22,2-bromo-2-methyl-propane,JMC.2009.4073,http://dx.doi.org/10.1021/jm801331y,0.6068
CC(C)(C)C#N,pKBHX.0118,0.99,"2,2-dimethylpropanenitrile",JPOC.2000.347,http://dx.doi.org/10.1002/1099-1395(200006)13:6<347::AID-POC251>3.0.CO;2-E,0.9176
CC(C)(C)C(=O)N(C)C,pKBHX.0119,2.1,"N,N,2,2-tetramethylpropanamide",JCSP2.1992.2091,http://dx.doi.org/10.1039/P29920002091,1.7685
CC(C)(C)C(=O)N(C1CCCCC1)C2CCCCC2,pKBHX.0120,2.06,"N,N-dicyclohexyl-2,2-dimethyl-propanamide",JCSP2.1992.2091,http://dx.doi.org/10.1039/P29920002091,1.8165
CC(C)(C)N,pKBHX.0121,2.26,2-methylpropan-2-amine,JCSP2.1999.997,http://dx.doi.org/10.1039/A809265F,1.2369
CC(C)(C)NC,pKBHX.0122,2.21,"N,2-dimethylpropan-2-amine",JCSP2.2001.2130,http://dx.doi.org/10.1039/B105082F,1.0707
CC(C)(C)OC,pKBHX.0123,1.19,2-methoxy-2-methyl-propane,EJOC.1998.925,http://dx.doi.org/10.1002/(SICI)1099-0690(199805)1998:5<925::AID-EJOC925>3.0.CO;2-F,0.8748
CC(C)(C)OC(C)(C)C,pKBHX.0124,0.75,2-tert-butoxy-2-methyl-propane,EJOC.1998.925,http://dx.doi.org/10.1002/(SICI)1099-0690(199805)1998:5<925::AID-EJOC925>3.0.CO;2-F,0.8672
CC(C)(C)OOC(C)(C)C,pKBHX.0125,0.43,2-tert-butylperoxy-2-methyl-propane,EJOC.1998.925,http://dx.doi.org/10.1002/(SICI)1099-0690(199805)1998:5<925::AID-EJOC925>3.0.CO;2-F,1.5574
CC(C)(C)c1ccccn1,pKBHX.0126,1.42,2-tert-butylpyridine,JCSP2.1998.283,http://dx.doi.org/10.1039/A706696A,0.8722
CC(C)(C)c1ccncc1,pKBHX.0127,2.11,4-tert-butylpyridine,JCSP2.1998.283,http://dx.doi.org/10.1039/A706696A,0.8375
CC(C)C(=O)N(C)C,pKBHX.0128,2.26,"N,N,2-trimethylpropanamide",JCSP2.1992.2091,http://dx.doi.org/10.1039/P29920002091,1.7488
CC(C)C(=O)N(C1CCCCC1)C2CCCCC2,pKBHX.0129,2.24,"N,N-dicyclohexyl-2-methyl-propanamide",JCSP2.1992.2091,http://dx.doi.org/10.1039/P29920002091,1.8017
CC(C)C12CCC(C=C1)(OO2)C,pKBHX.0130,1.22,"4-isopropyl-1-methyl-2,3-dioxabicyclo[2.2.2]oct-5-ene",EJOC.1998.925,http://dx.doi.org/10.1002/(SICI)1099-0690(199805)1998:5<925::AID-EJOC925>3.0.CO;2-F,1.3422
CC(C)CN(C(C)C)C(C)C,pKBHX.0131,0.3,"N,N-diisopropyl-2-methyl-propan-1-amine",CJC.2002.1375,http://dx.doi.org/10.1139/v02-176,0.919
CC(C)Cl,pKBHX.0132,-0.3,2-chloropropane,JMC.2009.4073,http://dx.doi.org/10.1021/jm801331y,0.4273
CC(C)N,pKBHX.0133,2.22,propan-2-amine,JCSP2.1999.997,http://dx.doi.org/10.1039/A809265F,1.2401
CC(C)N(C(C)C)C(=O)C(C)(C)C,pKBHX.0134,2.03,"N,N-diisopropyl-2,2-dimethyl-propanamide",JCSP2.1992.2091,http://dx.doi.org/10.1039/P29920002091,1.7814
CC(C)N(C)C,pKBHX.0135,2.11,"N,N-dimethylpropan-2-amine",CJC.2002.1375,http://dx.doi.org/10.1139/v02-176,0.9363
CC(C)N=CN(C)C,pKBHX.0136,2.6,"N'-isopropyl-N,N-dimethyl-formamidine",CJC.1992.2203,http://dx.doi.org/10.1139/v92-276,1.772
CC(C)NC,pKBHX.0137,2.2,N-methylpropan-2-amine,JCSP2.2001.2130,http://dx.doi.org/10.1039/B105082F,1.0788
CC(C)NC(C)C,pKBHX.0138,2.0,N-isopropylpropan-2-amine,JCSP2.2001.2130,http://dx.doi.org/10.1039/B105082F,1.065
CC(C)OC(=O)C,pKBHX.0139,1.15,isopropyl:acetate,JCSP2.1994.485,http://dx.doi.org/10.1039/P29940000485,1.6126
CC(C)OC(C)C,pKBHX.0140,1.11,2-isopropoxypropane,EJOC.1998.925,http://dx.doi.org/10.1002/(SICI)1099-0690(199805)1998:5<925::AID-EJOC925>3.0.CO;2-F,0.8733
CC(C)c1ccccn1,pKBHX.0141,1.76,2-isopropylpyridine,JCSP2.1998.283,http://dx.doi.org/10.1039/A706696A,0.8571
CC1(CC(=CC(=O)C1)N(C)C)C,pKBHX.0142,2.92,"3-(dimethylamino)-5,5-dimethyl-cyclohex-2-en-1-one",JCSP2.1998.101,http://dx.doi.org/10.1039/A704427E,1.7514
CC1(CCC(O1)(C)C)C,pKBHX.0143,1.43,"2,2,5,5-tetramethyltetrahydrofuran",EJOC.1998.925,http://dx.doi.org/10.1002/(SICI)1099-0690(199805)1998:5<925::AID-EJOC925>3.0.CO;2-F,0.8484
CC1(CCCC(N1)(C)C)C,pKBHX.0144,1.88,"2,2,6,6-tetramethylpiperidine",JCSP2.2001.2130,http://dx.doi.org/10.1039/B105082F,1.0178
CC1(CCCC(N1C)(C)C)C,pKBHX.0145,1.23,"1,2,2,6,6-pentamethylpiperidine",CJC.2002.1375,http://dx.doi.org/10.1139/v02-176,0.874
CC1CC(=O)O1,pKBHX.0146,0.97,4-methyloxetan-2-one,JCSP2.1994.485,http://dx.doi.org/10.1039/P29940000485,1.3087
CC1CCC(=O)O1,pKBHX.0147,1.43,5-methyltetrahydrofuran-2-one,JCSP2.1994.485,http://dx.doi.org/10.1039/P29940000485,1.3886
CC1CCCO1,pKBHX.0148,1.34,2-methyltetrahydrofuran,EJOC.1998.925,http://dx.doi.org/10.1002/(SICI)1099-0690(199805)1998:5<925::AID-EJOC925>3.0.CO;2-F,0.852
CC1CN1,pKBHX.0149,2.28,2-methylaziridine,JCSP2.2001.2130,http://dx.doi.org/10.1039/B105082F,1.025
CC1CO1,pKBHX.0150,0.97,2-methyloxirane,EJOC.1998.925,http://dx.doi.org/10.1002/(SICI)1099-0690(199805)1998:5<925::AID-EJOC925>3.0.CO;2-F,0.7784
CC1COC(=O)O1,pKBHX.0151,1.22,"4-methyl-1,3-dioxolan-2-one",JCSP2.1994.485,http://dx.doi.org/10.1039/P29940000485,1.6782
CC=O,pKBHX.0152,0.65,acetaldehyde,JCSP2.1998.101,http://dx.doi.org/10.1039/A704427E,0.7905
CCC(=O)C,pKBHX.0153,1.22,butan-2-one,JCSP2.1998.101,http://dx.doi.org/10.1039/A704427E,0.8929
CCC(=O)CC,pKBHX.0154,1.14,pentan-3-one,JCSP2.1998.101,http://dx.doi.org/10.1039/A704427E,0.9311
CCC(=O)N(C)C,pKBHX.0155,2.36,"N,N-dimethylpropanamide",JCSP2.1992.2091,http://dx.doi.org/10.1039/P29920002091,1.7153
CCC(=O)N(C1CCCCC1)C2CCCCC2,pKBHX.0156,2.22,"N,N-dicyclohexylpropanamide",JCSP2.1992.2091,http://dx.doi.org/10.1039/P29920002091,1.7964
CCC(=O)NC,pKBHX.0157,2.24,N-methylpropanamide,JCSP2.1992.2091,http://dx.doi.org/10.1039/P29920002091,1.8173
CCC(=O)OCC,pKBHX.0158,1.08,ethyl:propanoate,JCSP2.1994.485,http://dx.doi.org/10.1039/P29940000485,1.6425
CCCC#CC,pKBHX.0159,-0.09,hex-2-yne,JMC.2009.4073,http://dx.doi.org/10.1021/jm801331y,0.0
CCCCC#C,pKBHX.0160,-0.22,hex-1-yne,JMC.2009.4073,http://dx.doi.org/10.1021/jm801331y,0.0
CCCCCC=C,pKBHX.0161,-0.67,hept-1-ene,JMC.2009.4073,http://dx.doi.org/10.1021/jm801331y,0.0
CCCCCF,pKBHX.0162,-0.06,1-fluoropentane,JPOC.2005.227,http://dx.doi.org/10.1002/poc.813,0.7459
CCCCCN(C(C)C)C(C)C,pKBHX.0163,-0.34,"N,N-diisopropylpentan-1-amine",CJC.2002.1375,http://dx.doi.org/10.1139/v02-176,0.9213
CCCCN,pKBHX.0164,2.21,butan-1-amine,JCSP2.1999.997,http://dx.doi.org/10.1039/A809265F,1.2595
CCCCN1CCCC1,pKBHX.0165,2.04,1-butylpyrrolidine,CJC.2002.1375,http://dx.doi.org/10.1139/v02-176,0.911
CCCCOCCCC,pKBHX.0166,0.88,1-butoxybutane,EJOC.1998.925,http://dx.doi.org/10.1002/(SICI)1099-0690(199805)1998:5<925::AID-EJOC925>3.0.CO;2-F,0.8987
CCCCc1ccccn1,pKBHX.0167,1.88,2-butylpyridine,JCSP2.1998.283,http://dx.doi.org/10.1039/A706696A,0.8502
CCCN,pKBHX.0168,2.19,propan-1-amine,JCSP2.1999.997,http://dx.doi.org/10.1039/A809265F,1.2488
CCCN(CCC)CCC,pKBHX.0169,1.47,"N,N-dipropylpropan-1-amine",CJC.2002.1375,http://dx.doi.org/10.1139/v02-176,0.9578
CCCN=CN(C)C,pKBHX.0170,2.59,"N,N-dimethyl-N'-propyl-formamidine",JCSP2.1988.1491,http://dx.doi.org/10.1039/P29880001491,1.7853
CCN,pKBHX.0171,2.17,ethanamine,JCSP2.1999.997,http://dx.doi.org/10.1039/A809265F,1.2357
CCN(C(C)C)C(C)C,pKBHX.0172,1.05,N-ethyl-N-isopropyl-propan-2-amine,CJC.2002.1375,http://dx.doi.org/10.1139/v02-176,0.9173
CCN(C)C,pKBHX.0173,2.17,"N,N-dimethylethanamine",CJC.2002.1375,http://dx.doi.org/10.1139/v02-176,0.9403
CCN(C1CCCCC1)C2CCCCC2,pKBHX.0174,1.14,N-cyclohexyl-N-ethyl-cyclohexanamine,CJC.2002.1375,http://dx.doi.org/10.1139/v02-176,0.9356
CCN(CC)C(=O)C,pKBHX.0175,2.47,"N,N-diethylacetamide",JCSP2.1992.2091,http://dx.doi.org/10.1039/P29920002091,1.701
CCN(CC)C(=O)N(CC)CC,pKBHX.0176,2.43,"1,1,3,3-tetraethylurea",JCSP2.1992.2091,http://dx.doi.org/10.1039/P29920002091,2.5016
CCN(CC)C(=O)c1cccnc1,pKBHX.0177,2.18,"N,N-diethylpyridine-3-carboxamide",JMC.2009.4073,http://dx.doi.org/10.1021/jm801331y,2.4018
CCN(CC)CC,pKBHX.0178,1.98,"N,N-diethylethanamine",CJC.2002.1375,http://dx.doi.org/10.1139/v02-176,0.9291
CCN(CC)S(=O)(=O)N(CC)CC,pKBHX.0179,1.47,N-(diethylsulfamoyl)-N-ethyl-ethanamine,JMC.2009.4073,http://dx.doi.org/10.1021/jm801331y,2.9832
CCN(CC)c1ccc(cc1)C(=O)c2ccc(cc2)N(CC)CC,pKBHX.0180,2.33,bis[4-(diethylamino)phenyl]methanone,JCSP2.1998.101,http://dx.doi.org/10.1039/A704427E,2.5778
CCN(CC)c1ccc(cc1)N(=O)=O,pKBHX.0181,0.9,"N,N-diethyl-4-nitro-aniline",JCSP2.1994.491,http://dx.doi.org/10.1039/P29940000491,2.0639
CCN(CC)c1ccncc1,pKBHX.0182,2.89,"N,N-diethylpyridin-4-amine",JCSP2.1998.283,http://dx.doi.org/10.1039/A706696A,1.6702
CCN1C(=O)C=CC1=O,pKBHX.0183,0.68,"1-ethylpyrrole-2,5-dione",JMC.2009.4073,http://dx.doi.org/10.1021/jm801331y,2.0972
CCNC,pKBHX.0184,2.25,N-methylethanamine,JCSP2.2001.2130,http://dx.doi.org/10.1039/B105082F,1.0818
CCNC(=O)C,pKBHX.0185,2.29,N-ethylacetamide,JCSP2.1992.2091,http://dx.doi.org/10.1039/P29920002091,1.7922
CCNCC,pKBHX.0186,2.25,N-ethylethanamine,JCSP2.2001.2130,http://dx.doi.org/10.1039/B105082F,1.0768
CCO,pKBHX.0187,1.02,ethanol,JMC.2009.4073,http://dx.doi.org/10.1021/jm801331y,0.9957
CCOC(=O)/C=C/N(C)C,pKBHX.0188,2.09,ethyl:(E)-3-(dimethylamino)prop-2-enoate,JCSP2.1994.485,http://dx.doi.org/10.1039/P29940000485,2.4026
CCOC(=O)/C=C/c1ccccc1,pKBHX.0189,1.14,ethyl:(E)-3-phenylprop-2-enoate,JCSP2.1994.485,http://dx.doi.org/10.1039/P29940000485,1.5653
CCOC(=O)C,pKBHX.0190,1.07,ethyl:acetate,JCSP2.1994.485,http://dx.doi.org/10.1039/P29940000485,1.574
CCOC(=O)C#C,pKBHX.0191,0.63,ethyl:prop-2-ynoate,JCSP2.1994.485,http://dx.doi.org/10.1039/P29940000485,1.3924
CCOC(=O)C(=O)OCC,pKBHX.0192,0.95,diethyl:oxalate,JCSP2.1994.485,http://dx.doi.org/10.1039/P29940000485,2.5837
CCOC(=O)C(C)(C)C,pKBHX.0193,1.04,"ethyl:2,2-dimethylpropanoate",JCSP2.1994.485,http://dx.doi.org/10.1039/P29940000485,1.7192
CCOC(=O)C(C)C,pKBHX.0194,1.09,ethyl:2-methylpropanoate,JCSP2.1994.485,http://dx.doi.org/10.1039/P29940000485,1.676
CCOC(=O)C(Cl)(Cl)Cl,pKBHX.0195,0.15,"ethyl:2,2,2-trichloroacetate",JCSP2.1994.485,http://dx.doi.org/10.1039/P29940000485,1.4163
CCOC(=O)C1CC1,pKBHX.0196,1.12,ethyl:cyclopropanecarboxylate,JCSP2.1994.485,http://dx.doi.org/10.1039/P29940000485,1.6067
CCOC(=O)CCl,pKBHX.0197,0.67,ethyl:2-chloroacetate,JCSP2.1994.485,http://dx.doi.org/10.1039/P29940000485,1.6953
CCOC(=O)CF,pKBHX.0198,0.74,ethyl:2-fluoroacetate,JCSP2.1994.485,http://dx.doi.org/10.1039/P29940000485,1.8751
CCOC(=O)Cc1ccccc1,pKBHX.0199,1.05,ethyl:2-phenylacetate,JCSP2.1994.485,http://dx.doi.org/10.1039/P29940000485,1.5737
CCOC(=O)N(C)C,pKBHX.0200,1.83,"ethyl:N,N-dimethylcarbamate",JCSP2.1992.2091,http://dx.doi.org/10.1039/P29920002091,2.2901
CCOC(=O)OC,pKBHX.0201,0.84,ethyl:methyl:carbonate,JCSP2.1994.485,http://dx.doi.org/10.1039/P29940000485,2.0027
CCOC(=O)OCC,pKBHX.0202,0.88,diethyl:carbonate,JCSP2.1994.485,http://dx.doi.org/10.1039/P29940000485,2.0926
CCOC(C)(C)C,pKBHX.0203,1.08,2-ethoxy-2-methyl-propane,EJOC.1998.925,http://dx.doi.org/10.1002/(SICI)1099-0690(199805)1998:5<925::AID-EJOC925>3.0.CO;2-F,0.8755
CCOC=C,pKBHX.0204,0.1,vinyloxyethane,EJOC.1998.925,http://dx.doi.org/10.1002/(SICI)1099-0690(199805)1998:5<925::AID-EJOC925>3.0.CO;2-F,0.8009
CCOC=O,pKBHX.0205,0.66,ethyl:formate,JCSP2.1994.485,http://dx.doi.org/10.1039/P29940000485,1.4795
CCOCC,pKBHX.0206,1.01,ethoxyethane,EJOC.1998.925,http://dx.doi.org/10.1002/(SICI)1099-0690(199805)1998:5<925::AID-EJOC925>3.0.CO;2-F,0.8746
CCOCCCl,pKBHX.0207,0.55,1-chloro-2-ethoxy-ethane,EJOC.1998.925,http://dx.doi.org/10.1002/(SICI)1099-0690(199805)1998:5<925::AID-EJOC925>3.0.CO;2-F,1.1722
CCOCCOCC,pKBHX.0208,1.39,"1,2-diethoxyethane",EJOC.1998.925,http://dx.doi.org/10.1002/(SICI)1099-0690(199805)1998:5<925::AID-EJOC925>3.0.CO;2-F,1.6373
CCOP(=O)(OCC)OCC,pKBHX.0209,2.68,triethyl:phosphate,JMC.2009.4073,http://dx.doi.org/10.1021/jm801331y,2.9232
CCOS(=O)(=O)C,pKBHX.0210,1.02,ethyl:methanesulfonate,JCSP2.1996.1047,http://dx.doi.org/10.1039/P29960001047,1.9869
CCOS(=O)(=O)OCC,pKBHX.0211,0.8,diethyl:sulfate,JMC.2009.4073,http://dx.doi.org/10.1021/jm801331y,2.3986
CCP(=O)(CC)CC,pKBHX.0212,3.66,1-diethylphosphorylethane,JMC.2009.4073,http://dx.doi.org/10.1021/jm801331y,0.9954
CCS,pKBHX.0213,-0.16,ethanethiol,CJC.2005.138,http://dx.doi.org/10.1139/v05-007,0.5096
CCSCC,pKBHX.0214,0.25,ethylsulfanylethane,CJC.2005.138,http://dx.doi.org/10.1139/v05-007,0.5342
CCSSCC,pKBHX.0215,-0.1,(ethyldisulfanyl)ethane,CJC.2005.138,http://dx.doi.org/10.1139/v05-007,0.8989
CC[As](=O)(CC)CC,pKBHX.0216,4.89,1-diethylarsorylethane,JMC.2009.4073,http://dx.doi.org/10.1021/jm801331y,0.9816
CCc1ccccn1,pKBHX.0217,1.94,2-ethylpyridine,JCSP2.1998.283,http://dx.doi.org/10.1039/A706696A,0.8377
CCc1cccnc1,pKBHX.0218,2.01,3-ethylpyridine,JCSP2.1998.283,http://dx.doi.org/10.1039/A706696A,0.8258
CCc1ccncc1,pKBHX.0219,2.07,4-ethylpyridine,JCSP2.1998.283,http://dx.doi.org/10.1039/A706696A,0.8183
CN(=O)=O,pKBHX.0220,0.27,nitromethane,JCSP2.1994.491,http://dx.doi.org/10.1039/P29940000491,0.9452
CN(C)/C=C/C#N,pKBHX.0221,1.7,(E)-3-(dimethylamino)prop-2-enenitrile,JPOC.2000.347,http://dx.doi.org/10.1002/1099-1395(200006)13:6<347::AID-POC251>3.0.CO;2-E,1.6146
CN(C)/C=C/N(=O)=O,pKBHX.0222,1.47,"(E)-N,N-dimethyl-2-nitro-ethenamine",JCSP2.1994.491,http://dx.doi.org/10.1039/P29940000491,1.9173
CN(C)/C=N/C#N,pKBHX.0223,2.09,"N'-cyano-N,N-dimethyl-formamidine",JPOC.2000.347,http://dx.doi.org/10.1002/1099-1395(200006)13:6<347::AID-POC251>3.0.CO;2-E,2.1425
CN(C)C,pKBHX.0224,2.13,"N,N-dimethylmethanamine",CJC.2002.1375,http://dx.doi.org/10.1139/v02-176,0.9452
CN(C)C#N,pKBHX.0225,1.56,dimethylcyanamide,JPOC.2000.347,http://dx.doi.org/10.1002/1099-1395(200006)13:6<347::AID-POC251>3.0.CO;2-E,1.5232
CN(C)C(=N)N(C)C,pKBHX.0226,3.21,"1,1,3,3-tetramethylguanidine",JMC.2009.4073,http://dx.doi.org/10.1021/jm801331y,2.6662
CN(C)C(=O)C(F)(F)F,pKBHX.0227,1.04,"2,2,2-trifluoro-N,N-dimethyl-acetamide",JCSP2.1992.2091,http://dx.doi.org/10.1039/P29920002091,2.1239
CN(C)C(=O)CCl,pKBHX.0228,1.74,"2-chloro-N,N-dimethyl-acetamide",JCSP2.1992.2091,http://dx.doi.org/10.1039/P29920002091,1.8455
CN(C)C(=O)Cl,pKBHX.0229,1.0,"N,N-dimethylcarbamoyl:chloride",JCSP2.1992.2091,http://dx.doi.org/10.1039/P29920002091,1.6041
CN(C)C(=O)N(C)C,pKBHX.0230,2.44,"1,1,3,3-tetramethylurea",JCSP2.1992.2091,http://dx.doi.org/10.1039/P29920002091,2.4411
CN(C)C(=O)Oc1ccccc1,pKBHX.0231,1.7,"phenyl:N,N-dimethylcarbamate",JCSP2.1992.2091,http://dx.doi.org/10.1039/P29920002091,2.1554
CN(C)C(=O)c1ccccc1,pKBHX.0232,2.23,"N,N-dimethylbenzamide",JCSP2.1992.2091,http://dx.doi.org/10.1039/P29920002091,1.6269
CN(C)C1CCCCC1,pKBHX.0233,2.15,"N,N-dimethylcyclohexanamine",CJC.2002.1375,http://dx.doi.org/10.1139/v02-176,0.9476
CN(C)C=NC1CC1,pKBHX.0234,2.36,"N'-cyclopropyl-N,N-dimethyl-formamidine",CJC.1992.2203,http://dx.doi.org/10.1139/v92-276,1.7497
CN(C)C=NCc1cc(cc(c1)Cl)Cl,pKBHX.0235,2.0,"N'-[(3,5-dichlorophenyl)methyl]-N,N-dimethyl-formamidine",JCSP2.1988.1491,http://dx.doi.org/10.1039/P29880001491,2.2225
CN(C)C=NCc1ccc(cc1)Cl,pKBHX.0236,2.12,"N'-[(4-chlorophenyl)methyl]-N,N-dimethyl-formamidine",JCSP2.1988.1491,http://dx.doi.org/10.1039/P29880001491,2.0315
CN(C)C=NCc1cccc(c1)Cl,pKBHX.0237,2.1,"N'-[(3-chlorophenyl)methyl]-N,N-dimethyl-formamidine",JCSP2.1988.1491,http://dx.doi.org/10.1039/P29880001491,2.0174
CN(C)C=NCc1ccccc1,pKBHX.0238,2.35,"N'-benzyl-N,N-dimethyl-formamidine",JCSP2.1988.1491,http://dx.doi.org/10.1039/P29880001491,1.7524
CN(C)C=Nc1ccc(cc1)Br,pKBHX.0239,1.65,"N'-(4-bromophenyl)-N,N-dimethyl-formamidine",JCSP2.1988.1491,http://dx.doi.org/10.1039/P29880001491,2.0147
CN(C)C=Nc1ccc(cc1)C#N,pKBHX.0240,1.49,"N'-(4-cyanophenyl)-N,N-dimethyl-formamidine",JCSP2.1988.1491,http://dx.doi.org/10.1039/P29880001491,2.4033
CN(C)C=Nc1ccc(cc1)C(F)(F)F,pKBHX.0241,1.43,"N,N-dimethyl-N'-[4-(trifluoromethyl)phenyl]formamidine",CJC.1992.2203,http://dx.doi.org/10.1139/v92-276,2.7643
CN(C)C=Nc1ccc(cc1)F,pKBHX.0242,1.8,"N'-(4-fluorophenyl)-N,N-dimethyl-formamidine",CJC.1992.2203,http://dx.doi.org/10.1139/v92-276,2.1979
CN(C)C=Nc1ccc(cc1)N(=O)=O,pKBHX.0243,1.28,"N,N-dimethyl-N'-(4-nitrophenyl)formamidine",JCSP2.1988.1491,http://dx.doi.org/10.1039/P29880001491,2.744
CN(C)C=Nc1ccc(cc1)N(C)C,pKBHX.0244,2.32,"N'-[4-(dimethylamino)phenyl]-N,N-dimethyl-formamidine",CJC.1992.2203,http://dx.doi.org/10.1139/v92-276,2.5195
CN(C)C=Nc1ccc(cc1)OC,pKBHX.0245,2.08,"N'-(4-methoxyphenyl)-N,N-dimethyl-formamidine",CJC.1992.2203,http://dx.doi.org/10.1139/v92-276,2.4172
CN(C)C=Nc1ccccc1,pKBHX.0246,1.9,"N,N-dimethyl-N'-phenyl-formamidine",JCSP2.1988.1491,http://dx.doi.org/10.1039/P29880001491,1.6594
CN(C)C=Nc1ccccc1Br,pKBHX.0247,1.37,"N'-(2-bromophenyl)-N,N-dimethyl-formamidine",JCSP2.1988.1491,http://dx.doi.org/10.1039/P29880001491,1.9092
CN(C)C=O,pKBHX.0248,2.1,"N,N-dimethylformamide",JCSP2.1992.2091,http://dx.doi.org/10.1039/P29920002091,1.5985
CN(C)CC#C,pKBHX.0249,1.6,"N,N-dimethylprop-2-yn-1-amine",CJC.2002.1375,http://dx.doi.org/10.1139/v02-176,0.8581
CN(C)CC#N,pKBHX.0250,1.02,2-(dimethylamino)acetonitrile,CJC.2002.1375,http://dx.doi.org/10.1139/v02-176,1.6343
CN(C)CC=C,pKBHX.0251,1.92,"N,N-dimethylprop-2-en-1-amine",CJC.2002.1375,http://dx.doi.org/10.1139/v02-176,0.9055
CN(C)CCC#N,pKBHX.0252,1.35,3-(dimethylamino)propanenitrile,CJC.2002.1375,http://dx.doi.org/10.1139/v02-176,1.6699
CN(C)CCCCl,pKBHX.0253,1.54,"3-chloro-N,N-dimethyl-propan-1-amine",CJC.2002.1375,http://dx.doi.org/10.1139/v02-176,1.3385
CN(C)Cc1ccccc1,pKBHX.0254,1.59,"N,N-dimethyl-1-phenyl-methanamine",CJC.2002.1375,http://dx.doi.org/10.1139/v02-176,0.8954
CN(C)P(=O)(N(C)C)N(C)C,pKBHX.0255,3.6,N-[bis(dimethylamino)phosphoryl]-N-methyl-methanamine,JMC.2009.4073,http://dx.doi.org/10.1021/jm801331y,3.4675
CN(C)S(=O)(=O)C,pKBHX.0256,1.3,"N,N-dimethylmethanesulfonamide",JOC.2010.4105,http://dx.doi.org/10.1021/jo100461z,2.1704
CN(C)S(=O)(=O)c1ccccc1,pKBHX.0257,1.19,"N,N-dimethylbenzenesulfonamide",JCSP2.1996.1047,http://dx.doi.org/10.1039/P29960001047,2.0957
CN(C)S(=O)c1ccccc1,pKBHX.0258,2.15,"N,N-dimethylbenzenesulfinamide",JMC.2009.4073,http://dx.doi.org/10.1021/jm801331y,1.545
CN(C)c1ccc(cc1)C#N,pKBHX.0259,1.25,4-(dimethylamino)benzonitrile,JPOC.2000.347,http://dx.doi.org/10.1002/1099-1395(200006)13:6<347::AID-POC251>3.0.CO;2-E,1.6384
CN(C)c1ccc(cc1)C=O,pKBHX.0260,1.53,4-(dimethylamino)benzaldehyde,JCSP2.1998.101,http://dx.doi.org/10.1039/A704427E,1.6614
CN(C)c1ccccc1,pKBHX.0261,0.39,"N,N-dimethylaniline",JMC.2009.4073,http://dx.doi.org/10.1021/jm801331y,0.8503
CN(C)c1ccncc1,pKBHX.0262,2.8,"N,N-dimethylpyridin-4-amine",JCSP2.1998.283,http://dx.doi.org/10.1039/A706696A,1.6331
CN(C)c1ncccn1,pKBHX.0263,1.61,"N,N-dimethylpyrimidin-2-amine",JCSP2.1998.283,http://dx.doi.org/10.1039/A706696A,2.2531
CN(C=O)c1ccccc1,pKBHX.0264,1.74,N-methyl-N-phenyl-formamide,JCSP2.1992.2091,http://dx.doi.org/10.1039/P29920002091,1.5544
CN1C(=O)CCC1=O,pKBHX.0265,1.06,"1-methylpyrrolidine-2,5-dione",JMC.2009.4073,http://dx.doi.org/10.1021/jm801331y,2.1319
CN1CCC(CC1)Cl,pKBHX.0266,1.7,4-chloro-1-methyl-piperidine,CJC.2002.1375,http://dx.doi.org/10.1139/v02-176,1.3276
CN1CCCC1,pKBHX.0267,2.19,1-methylpyrrolidine,CJC.2002.1375,http://dx.doi.org/10.1139/v02-176,0.9145
CN1CCCC1=O,pKBHX.0268,2.38,1-methylpyrrolidin-2-one,JCSP2.1992.2091,http://dx.doi.org/10.1039/P29920002091,1.6258
CN1CCCCC1,pKBHX.0269,2.11,1-methylpiperidine,CJC.2002.1375,http://dx.doi.org/10.1139/v02-176,0.9074
CN1CCCCC1=O,pKBHX.0270,2.6,1-methylpiperidin-2-one,JCSP2.1992.2091,http://dx.doi.org/10.1039/P29920002091,1.6532
CN1CCCCCC1=O,pKBHX.0271,2.53,1-methylazepan-2-one,JCSP2.1992.2091,http://dx.doi.org/10.1039/P29920002091,1.6935
CN1CCCN(C1=O)C,pKBHX.0272,2.79,"1,3-dimethylhexahydropyrimidin-2-one",JCSP2.1992.2091,http://dx.doi.org/10.1039/P29920002091,2.3425
CN1CCC[C@H]1c2cccnc2,pKBHX.0273,2.09,3-[(2S)-1-methylpyrrolidin-2-yl]pyridine,JMC.2009.4073,http://dx.doi.org/10.1021/jm801331y,1.6798
CN1CCN(C1=O)C,pKBHX.0274,2.46,"1,3-dimethylimidazolidin-2-one",JCSP2.1992.2091,http://dx.doi.org/10.1039/P29920002091,2.2948
CN1CCN(C1=S)C,pKBHX.0275,1.32,"1,3-dimethylimidazolidine-2-thione",JMC.2009.4073,http://dx.doi.org/10.1021/jm801331y,1.992
CN1CCN(CC1)C,pKBHX.0276,2.18,"1,4-dimethylpiperazine",CJC.2002.1375,http://dx.doi.org/10.1139/v02-176,1.7576
CN1CCOCC1,pKBHX.0277,1.66,4-methylmorpholine,CJC.2002.1375,http://dx.doi.org/10.1139/v02-176,1.6749
CN1CCc2ccccc2C1,pKBHX.0278,1.8,"2-methyl-3,4-dihydro-1H-isoquinoline",CJC.2002.1375,http://dx.doi.org/10.1139/v02-176,0.863
CN1CN(CN(C1)C)C,pKBHX.0279,2.06,"1,3,5-trimethyl-1,3,5-triazinane",CJC.2002.1375,http://dx.doi.org/10.1139/v02-176,2.5469
CN1[C@@H]2CCC[C@H]1CC2,pKBHX.0280,2.39,"(1R,5S)-8-methyl-8-azabicyclo[3.2.1]octane",CJC.2002.1375,http://dx.doi.org/10.1139/v02-176,0.8753
CN=C(N(C)C)N(C)C,pKBHX.0281,3.16,"1,1,2,3,3-pentamethylguanidine",JMC.2009.4073,http://dx.doi.org/10.1021/jm801331y,2.5436
CN=C(c1ccccc1)N(C)C,pKBHX.0282,2.62,"N,N,N'-trimethylbenzamidine",JCSP2.1988.1491,http://dx.doi.org/10.1039/P29880001491,1.7527
CN=CN(C)C,pKBHX.0283,2.7,"N,N,N'-trimethylformamidine",CJC.1992.2203,http://dx.doi.org/10.1139/v92-276,1.7499
CNC,pKBHX.0284,2.26,N-methylmethanamine,JCSP2.2001.2130,http://dx.doi.org/10.1039/B105082F,1.0809
CNC(=O)c1ccccc1,pKBHX.0285,2.03,N-methylbenzamide,JCSP2.1992.2091,http://dx.doi.org/10.1039/P29920002091,1.7325
CNC=O,pKBHX.0286,1.96,N-methylformamide,JCSP2.1992.2091,http://dx.doi.org/10.1039/P29920002091,1.6573
CNCC#C,pKBHX.0287,1.64,N-methylprop-2-yn-1-amine,JCSP2.2001.2130,http://dx.doi.org/10.1039/B105082F,0.9869
CNCC#N,pKBHX.0288,1.03,2-(methylamino)acetonitrile,JCSP2.2001.2130,http://dx.doi.org/10.1039/B105082F,1.7427
CNCC=C,pKBHX.0289,2.0,N-methylprop-2-en-1-amine,JCSP2.2001.2130,http://dx.doi.org/10.1039/B105082F,1.053
CNCCC#N,pKBHX.0290,1.5,3-(methylamino)propanenitrile,JCSP2.2001.2130,http://dx.doi.org/10.1039/B105082F,1.7648
CNCc1ccccc1,pKBHX.0291,1.82,N-methyl-1-phenyl-methanamine,JCSP2.2001.2130,http://dx.doi.org/10.1039/B105082F,1.0316
CNc1ccccn1,pKBHX.0292,2.11,N-methylpyridin-2-amine,JCSP2.1998.283,http://dx.doi.org/10.1039/A706696A,1.7105
CO,pKBHX.0293,0.82,methanol,JMC.2009.4073,http://dx.doi.org/10.1021/jm801331y,0.9586
COC(=O)C(Cl)(Cl)Cl,pKBHX.0294,0.11,"methyl:2,2,2-trichloroacetate",JCSP2.1994.485,http://dx.doi.org/10.1039/P29940000485,1.1973
COC(=O)OC,pKBHX.0295,0.82,dimethyl:carbonate,JCSP2.1994.485,http://dx.doi.org/10.1039/P29940000485,1.9037
COC(=O)c1cccnc1,pKBHX.0296,1.49,methyl:pyridine-3-carboxylate,JCSP2.1998.283,http://dx.doi.org/10.1039/A706696A,2.166
COC(Cl)Cl,pKBHX.0297,-0.09,dichloro(methoxy)methane,EJOC.1998.925,http://dx.doi.org/10.1002/(SICI)1099-0690(199805)1998:5<925::AID-EJOC925>3.0.CO;2-F,0.9959
COC(OC)(OC)OC,pKBHX.0298,0.86,tetramethoxymethane,EJOC.1998.925,http://dx.doi.org/10.1002/(SICI)1099-0690(199805)1998:5<925::AID-EJOC925>3.0.CO;2-F,2.8624
COC(OC)OC,pKBHX.0299,1.02,trimethoxymethane,EJOC.1998.925,http://dx.doi.org/10.1002/(SICI)1099-0690(199805)1998:5<925::AID-EJOC925>3.0.CO;2-F,2.151
COCCCN,pKBHX.0300,2.26,3-methoxypropan-1-amine,JCSP2.1999.997,http://dx.doi.org/10.1039/A809265F,2.0522
COCCN,pKBHX.0301,2.29,2-methoxyethanamine,JCSP2.1999.997,http://dx.doi.org/10.1039/A809265F,2.0713
COCCOC,pKBHX.0302,1.32,"1,2-dimethoxyethane",EJOC.1998.925,http://dx.doi.org/10.1002/(SICI)1099-0690(199805)1998:5<925::AID-EJOC925>3.0.CO;2-F,1.6922
COCOC,pKBHX.0303,0.88,dimethoxymethane,EJOC.1998.925,http://dx.doi.org/10.1002/(SICI)1099-0690(199805)1998:5<925::AID-EJOC925>3.0.CO;2-F,1.4772
COS(=O)OC,pKBHX.0304,0.94,dimethyl:sulfite,JMC.2009.4073,http://dx.doi.org/10.1021/jm801331y,1.5585
COc1ccc(cc1)C#N,pKBHX.0305,0.97,4-methoxybenzonitrile,JPOC.2000.347,http://dx.doi.org/10.1002/1099-1395(200006)13:6<347::AID-POC251>3.0.CO;2-E,1.4989
COc1ccc(cc1)C(=O)c2ccc(cc2)OC,pKBHX.0306,1.49,bis(4-methoxyphenyl)methanone,JCSP2.1998.101,http://dx.doi.org/10.1039/A704427E,2.3207
COc1ccc(cc1)C(=O)c2ccccc2,pKBHX.0307,1.27,(4-methoxyphenyl)-phenyl-methanone,JCSP2.1998.101,http://dx.doi.org/10.1039/A704427E,1.5944
COc1ccc(cc1)C=O,pKBHX.0308,1.1,4-methoxybenzaldehyde,JCSP2.1998.101,http://dx.doi.org/10.1039/A704427E,1.5371
COc1ccc(cc1)N(=O)=O,pKBHX.0309,0.5,1-methoxy-4-nitro-benzene,JCSP2.1994.491,http://dx.doi.org/10.1039/P29940000491,1.8144
COc1ccccc1C=O,pKBHX.0310,1.11,2-methoxybenzaldehyde,JCSP2.1998.101,http://dx.doi.org/10.1039/A704427E,1.5305
COc1ccccc1OC,pKBHX.0311,1.13,"1,2-dimethoxybenzene",JOC.2010.4105,http://dx.doi.org/10.1021/jo100461z,1.3506
COc1ccccn1,pKBHX.0312,0.99,2-methoxypyridine,JCSP2.1998.283,http://dx.doi.org/10.1039/A706696A,1.4792
COc1ccn(=O)cc1,pKBHX.0313,3.7,4-methoxypyridine:1-oxide,JMC.2009.4073,http://dx.doi.org/10.1021/jm801331y,1.3908
CP(=O)(C)C,pKBHX.0314,3.53,dimethylphosphorylmethane,JMC.2009.4073,http://dx.doi.org/10.1021/jm801331y,0.9231
CS(=O)(=O)C,pKBHX.0315,1.4,methylsulfonylmethane,JMC.2009.4073,http://dx.doi.org/10.1021/jm801331y,1.413
CS(=O)C,pKBHX.0316,2.54,methylsulfinylmethane,JMC.2009.4073,http://dx.doi.org/10.1021/jm801331y,0.9091
CS(=O)c1ccccc1,pKBHX.0317,2.24,methylsulfinylbenzene,JOC.2010.4105,http://dx.doi.org/10.1021/jo100461z,0.8436
CSC,pKBHX.0318,0.12,methylsulfanylmethane,CJC.2005.138,http://dx.doi.org/10.1139/v05-007,0.523
CSC#N,pKBHX.0319,0.73,methyl:thiocyanate,JPOC.2000.347,http://dx.doi.org/10.1002/1099-1395(200006)13:6<347::AID-POC251>3.0.CO;2-E,0.7918
CSSC,pKBHX.0320,-0.19,(methyldisulfanyl)methane,CJC.2005.138,http://dx.doi.org/10.1139/v05-007,0.807
C[C@@]12CC[C@@H](C1(C)C)CC2=S,pKBHX.0321,0.34,"(1R,4R)-1,7,7-trimethylnorbornane-2-thione",JMC.2009.4073,http://dx.doi.org/10.1021/jm801331y,0.5667
C[N+](C)(C)[N-]C#N,pKBHX.0322,3.24,cyano-(trimethylammonio)azanide,JPOC.2000.347,http://dx.doi.org/10.1002/1099-1395(200006)13:6<347::AID-POC251>3.0.CO;2-E,1.5749
C[N+](C)(C)[O-],pKBHX.0323,5.46,"N,N-dimethylmethanamine:oxide",JMC.2009.4073,http://dx.doi.org/10.1021/jm801331y,0.8915
C[Se](=O)C,pKBHX.0324,3.44,methylseleninylmethane,JOC.2010.4105,http://dx.doi.org/10.1021/jo100461z,0.638
C[Si](C)(C)C#N,pKBHX.0325,0.93,trimethylsilylformonitrile,JPOC.2000.347,http://dx.doi.org/10.1002/1099-1395(200006)13:6<347::AID-POC251>3.0.CO;2-E,0.8919
C[Si](C)(C)N[Si](C)(C)C,pKBHX.0326,-0.45,[dimethyl-(trimethylsilylamino)silyl]methane,JCSP2.2001.2130,http://dx.doi.org/10.1039/B105082F,1.1226
C[Si](C)(C)O[Si](C)(C)C,pKBHX.0327,-0.53,trimethyl(trimethylsilyloxy)silane,EJOC.1998.925,http://dx.doi.org/10.1002/(SICI)1099-0690(199805)1998:5<925::AID-EJOC925>3.0.CO;2-F,0.9221
Cc1c(c(c(c(c1C)C)C)C)C,pKBHX.0328,0.02,"1,2,3,4,5,6-hexamethylbenzene",JMC.2009.4073,http://dx.doi.org/10.1021/jm801331y,0.0
Cc1cc(=O)cc(o1)C,pKBHX.0329,2.5,"2,6-dimethylpyran-4-one",JMC.2009.4073,http://dx.doi.org/10.1021/jm801331y,1.4675
Cc1cc(cnc1)C,pKBHX.0330,2.21,"3,5-dimethylpyridine",JCSP2.1998.283,http://dx.doi.org/10.1039/A706696A,0.8388
Cc1cc(nc(c1)C)C,pKBHX.0331,2.29,"2,4,6-trimethylpyridine",JCSP2.1998.283,http://dx.doi.org/10.1039/A706696A,0.8418
Cc1ccc(cc1)C(=O)C,pKBHX.0332,1.24,1-(p-tolyl)ethanone,JCSP2.1998.101,http://dx.doi.org/10.1039/A704427E,0.8752
Cc1ccc(cc1)N,pKBHX.0333,0.56,4-methylaniline,JMC.2009.4073,http://dx.doi.org/10.1021/jm801331y,1.1601
Cc1ccc(cc1)N=CN(C)C,pKBHX.0334,2.07,"N,N-dimethyl-N'-(p-tolyl)formamidine",JCSP2.1988.1491,http://dx.doi.org/10.1039/P29880001491,1.6703
Cc1cccc(c1)C,pKBHX.0335,-0.28,m-xylene,JMC.2009.4073,http://dx.doi.org/10.1021/jm801331y,0.0
Cc1cccc(c1)C(=O)C,pKBHX.0336,1.1,1-(m-tolyl)ethanone,JCSP2.1998.101,http://dx.doi.org/10.1039/A704427E,0.8746
Cc1cccc(c1)O,pKBHX.0337,0.01,m-cresol,JMC.2009.4073,http://dx.doi.org/10.1021/jm801331y,0.9095
Cc1cccc(n1)C,pKBHX.0338,2.14,"2,6-dimethylpyridine",JCSP2.1998.283,http://dx.doi.org/10.1039/A706696A,0.8327
Cc1ccccc1,pKBHX.0339,-0.36,toluene,JMC.2009.4073,http://dx.doi.org/10.1021/jm801331y,0.0
Cc1ccccc1N=CN(C)C,pKBHX.0340,1.63,"N,N-dimethyl-N'-(o-tolyl)formamidine",JCSP2.1988.1491,http://dx.doi.org/10.1039/P29880001491,1.6887
Cc1ccccn1,pKBHX.0341,2.03,2-methylpyridine,JCSP2.1998.283,http://dx.doi.org/10.1039/A706696A,0.8141
Cc1cccn(=O)c1,pKBHX.0342,2.92,3-methylpyridine:1-oxide,JMC.2009.4073,http://dx.doi.org/10.1021/jm801331y,0.714
Cc1cccnc1,pKBHX.0343,2.0,3-methylpyridine,JCSP2.1998.283,http://dx.doi.org/10.1039/A706696A,0.8142
Cc1ccn(=O)cc1,pKBHX.0344,3.21,4-methylpyridine:1-oxide,JMC.2009.4073,http://dx.doi.org/10.1021/jm801331y,0.7138
Cc1ccncc1C,pKBHX.0345,2.24,"3,4-dimethylpyridine",JCSP2.1998.283,http://dx.doi.org/10.1039/A706696A,0.8282
Cn1c2ccccc2[nH]c1=S,pKBHX.0346,1.53,3-methyl-1H-benzimidazole-2-thione,JMC.2009.4073,http://dx.doi.org/10.1021/jm801331y,1.8131
Cn1c2ccccc2c(=O)c3c1cccc3,pKBHX.0347,1.92,10-methylacridin-9-one,JMC.2009.4073,http://dx.doi.org/10.1021/jm801331y,1.5536
Cn1c2ccccc2n(c1=S)C,pKBHX.0348,1.19,"1,3-dimethylbenzimidazole-2-thione",JMC.2009.4073,http://dx.doi.org/10.1021/jm801331y,1.7653
Cn1cc[nH]c1=S,pKBHX.0349,2.11,3-methyl-1H-imidazole-2-thione,JMC.2009.4073,http://dx.doi.org/10.1021/jm801331y,1.8255
Cn1ccc(=O)n(c1=O)C,pKBHX.0350,1.76,"1,3-dimethylpyrimidine-2,4-dione",JMC.2009.4073,http://dx.doi.org/10.1021/jm801331y,2.6924
Cn1cccc1,pKBHX.0351,0.23,1-methylpyrrole,JMC.2009.4073,http://dx.doi.org/10.1021/jm801331y,0.7908
Cn1ccccc1=O,pKBHX.0352,2.57,1-methylpyridin-2-one,JCSP2.1992.2091,http://dx.doi.org/10.1039/P29920002091,1.4729
Cn1cccn1,pKBHX.0353,1.84,1-methylpyrazole,JMC.2009.4073,http://dx.doi.org/10.1021/jm801331y,1.3243
Cn1ccnc1,pKBHX.0354,2.72,1-methylimidazole,JMC.2009.4073,http://dx.doi.org/10.1021/jm801331y,1.4915
N,pKBHX.0355,1.74,ammonia,JMC.2009.4073,http://dx.doi.org/10.1021/jm801331y,1.359
O,pKBHX.0356,0.65,water,JMC.2009.4073,http://dx.doi.org/10.1021/jm801331y,1.0
O=P(Cl)(Cl)Cl,pKBHX.0357,0.56,phosphoryl:chloride,JMC.2009.4073,http://dx.doi.org/10.1021/jm801331y,0.0799
O=S(Cl)Cl,pKBHX.0358,-0.38,thionyl:chloride,JMC.2009.4073,http://dx.doi.org/10.1021/jm801331y,-0.2837
c1c(cn(=O)cc1Cl)Cl,pKBHX.0359,1.56,"3,5-dichloropyridine:1-oxide",JMC.2009.4073,http://dx.doi.org/10.1021/jm801331y,0.9112
c1c(cncc1Cl)Cl,pKBHX.0360,0.85,"3,5-dichloropyridine",JCSP2.1998.283,http://dx.doi.org/10.1039/A706696A,1.0972
c1c(cncn1)Br,pKBHX.0361,0.89,5-bromopyrimidine,JCSP2.1998.283,http://dx.doi.org/10.1039/A706696A,1.5087
c1cc(cc(c1)Cl)N,pKBHX.0362,0.13,3-chloroaniline,JMC.2009.4073,http://dx.doi.org/10.1021/jm801331y,1.389
c1cc(ccc1C#N)Cl,pKBHX.0363,0.66,4-chlorobenzonitrile,JPOC.2000.347,http://dx.doi.org/10.1002/1099-1395(200006)13:6<347::AID-POC251>3.0.CO;2-E,0.9593
c1cc(ccc1C=O)Cl,pKBHX.0364,0.63,4-chlorobenzaldehyde,JCSP2.1998.101,http://dx.doi.org/10.1039/A704427E,1.0137
c1cc(ccc1O)F,pKBHX.0365,-0.12,4-fluorophenol,JPC.1989.3799,http://dx.doi.org/10.1021/j100346a083,1.3739
c1cc(ccc1S(=O)c2ccc(cc2)Cl)Cl,pKBHX.0366,1.68,1-chloro-4-(4-chlorophenyl)sulfinyl-benzene,JMC.2009.4073,http://dx.doi.org/10.1021/jm801331y,1.1761
c1cc(cnc1)Br,pKBHX.0367,1.31,3-bromopyridine,JCSP2.1998.283,http://dx.doi.org/10.1039/A706696A,1.0094
c1cc(cnc1)C#N,pKBHX.0368,1.0,pyridine-3-carbonitrile,JCSP2.1998.283,http://dx.doi.org/10.1039/A706696A,1.4085
c1cc(cnc1)Cl,pKBHX.0369,1.31,3-chloropyridine,JCSP2.1998.283,http://dx.doi.org/10.1039/A706696A,0.9849
c1cc(cnc1)F,pKBHX.0370,1.35,3-fluoropyridine,JCSP2.1998.283,http://dx.doi.org/10.1039/A706696A,1.2327
c1cc(cnc1)I,pKBHX.0371,1.37,3-iodopyridine,JCSP2.1998.283,http://dx.doi.org/10.1039/A706696A,0.9808
c1cc(cnc1)N,pKBHX.0372,2.2,pyridin-3-amine,JCSP2.1998.283,http://dx.doi.org/10.1039/A706696A,1.9012
c1cc(nc(c1)F)F,pKBHX.0373,0.14,"2,6-difluoropyridine",JCSP2.1998.283,http://dx.doi.org/10.1039/A706696A,1.1908
c1cc2ccc3c(c2nc1)cccn3,pKBHX.0374,1.87,"1,7-phenanthroline",JCSP2.1998.283,http://dx.doi.org/10.1039/A706696A,1.5293
c1cc2ccc3cccc4c3c2c(c1)cc4,pKBHX.0375,-0.56,pyrene,JMC.2009.4073,http://dx.doi.org/10.1021/jm801331y,0.0
c1cc[nH]c1,pKBHX.0376,0.15,pyrrole,JMC.2009.4073,http://dx.doi.org/10.1021/jm801331y,0.9118
c1ccc(cc1)/C=C/C=O,pKBHX.0377,1.13,(E)-3-phenylprop-2-enal,JCSP2.1998.101,http://dx.doi.org/10.1039/A704427E,0.8101
c1ccc(cc1)/C=N/c2ccccc2,pKBHX.0378,0.87,"N,1-diphenylmethanimine",JMC.2009.4073,http://dx.doi.org/10.1021/jm801331y,0.8415
c1ccc(cc1)C#N,pKBHX.0379,0.8,benzonitrile,JPOC.2000.347,http://dx.doi.org/10.1002/1099-1395(200006)13:6<347::AID-POC251>3.0.CO;2-E,0.7949
c1ccc(cc1)C(=O)N,pKBHX.0380,1.81,benzamide,JMC.2009.4073,http://dx.doi.org/10.1021/jm801331y,1.8259
c1ccc(cc1)C(=O)c2ccccc2,pKBHX.0381,1.07,diphenylmethanone,JCSP2.1998.101,http://dx.doi.org/10.1039/A704427E,0.8526
c1ccc(cc1)C(=O)c2cccnc2,pKBHX.0382,1.49,phenyl(3-pyridyl)methanone,JCSP2.1998.283,http://dx.doi.org/10.1039/A706696A,1.5589
c1ccc(cc1)C23CCN(CC2)CC3,pKBHX.0383,2.46,4-phenylquinuclidine,CJC.2002.1375,http://dx.doi.org/10.1139/v02-176,0.8655
c1ccc(cc1)C2=NCCC2,pKBHX.0384,1.98,"5-phenyl-3,4-dihydro-2H-pyrrole",JMC.2009.4073,http://dx.doi.org/10.1021/jm801331y,0.8942
c1ccc(cc1)C=O,pKBHX.0385,0.78,benzaldehyde,JCSP2.1998.101,http://dx.doi.org/10.1039/A704427E,0.8168
c1ccc(cc1)CCN,pKBHX.0386,2.16,2-phenylethanamine,JCSP2.1999.997,http://dx.doi.org/10.1039/A809265F,1.2203
c1ccc(cc1)CCO,pKBHX.0387,0.97,2-phenylethanol,JMC.2009.4073,http://dx.doi.org/10.1021/jm801331y,1.0013
c1ccc(cc1)CN,pKBHX.0388,1.88,phenylmethanamine,JCSP2.1999.997,http://dx.doi.org/10.1039/A809265F,1.182
c1ccc(cc1)CNCc2ccccc2,pKBHX.0389,1.34,N-benzyl-1-phenyl-methanamine,JCSP2.2001.2130,http://dx.doi.org/10.1039/B105082F,0.9952
c1ccc(cc1)CO,pKBHX.0390,0.86,phenylmethanol,JMC.2009.4073,http://dx.doi.org/10.1021/jm801331y,0.9557
c1ccc(cc1)COCc2ccccc2,pKBHX.0391,0.72,benzyloxymethylbenzene,EJOC.1998.925,http://dx.doi.org/10.1002/(SICI)1099-0690(199805)1998:5<925::AID-EJOC925>3.0.CO;2-F,0.8056
c1ccc(cc1)N,pKBHX.0392,0.46,aniline,JMC.2009.4073,http://dx.doi.org/10.1021/jm801331y,1.1492
c1ccc(cc1)N(=O)=O,pKBHX.0393,0.3,nitrobenzene,JCSP2.1994.491,http://dx.doi.org/10.1039/P29940000491,1.1262
c1ccc(cc1)O,pKBHX.0394,-0.07,phenol,JMC.2009.4073,http://dx.doi.org/10.1021/jm801331y,0.8951
c1ccc(cc1)P(=O)(Cl)Cl,pKBHX.0395,1.28,dichlorophosphorylbenzene,JOC.2010.4105,http://dx.doi.org/10.1021/jo100461z,0.9473
c1ccc(cc1)P(=O)(c2ccccc2)Cl,pKBHX.0396,2.2,[chloro(phenyl)phosphoryl]benzene,JOC.2010.4105,http://dx.doi.org/10.1021/jo100461z,1.0378
c1ccc(cc1)S(=O)(=O)c2ccccc2,pKBHX.0397,1.21,benzenesulfonylbenzene,JCSP2.1996.1047,http://dx.doi.org/10.1039/P29960001047,1.4822
c1ccc(cc1)S(=O)c2ccccc2,pKBHX.0398,2.04,benzenesulfinylbenzene,JOC.2010.4105,http://dx.doi.org/10.1021/jo100461z,0.7634
c1ccc(cc1)c2c(c2=O)c3ccccc3,pKBHX.0399,2.3,"2,3-diphenylcycloprop-2-en-1-one",JCSP2.1998.101,http://dx.doi.org/10.1039/A704427E,0.8135
c1ccc(cc1)c2cc(=O)c3ccccc3o2,pKBHX.0400,1.99,2-phenylchromen-4-one,JCSP2.1998.101,http://dx.doi.org/10.1039/A704427E,1.4628
c1ccc(cc1)c2ccccn2,pKBHX.0401,1.43,2-phenylpyridine,JCSP2.1998.283,http://dx.doi.org/10.1039/A706696A,0.802
c1ccc(cc1)c2ccn(=O)cc2,pKBHX.0402,2.85,4-phenylpyridine:1-oxide,JMC.2009.4073,http://dx.doi.org/10.1021/jm801331y,0.7172
c1ccc(cc1)c2ccncc2,pKBHX.0403,1.96,4-phenylpyridine,JCSP2.1998.283,http://dx.doi.org/10.1039/A706696A,0.7988
c1ccc(cc1)c2nc3ccccc3o2,pKBHX.0404,1.18,"2-phenyl-1,3-benzoxazole",JMC.2009.4073,http://dx.doi.org/10.1021/jm801331y,1.3882
c1ccc2c(c1)-c3ccccc3C(=O)C2=O,pKBHX.0405,1.0,"phenanthrene-9,10-dione",JCSP2.1998.101,http://dx.doi.org/10.1039/A704427E,1.3793
c1ccc2c(c1)-c3ccccc3C2=O,pKBHX.0406,1.09,fluoren-9-one,JCSP2.1998.101,http://dx.doi.org/10.1039/A704427E,0.8107
c1ccc2c(c1)CCNC2,pKBHX.0407,2.04,"1,2,3,4-tetrahydroisoquinoline",JCSP2.2001.2130,http://dx.doi.org/10.1039/B105082F,0.9995
c1ccc2c(c1)Cc3ccccc3C2=O,pKBHX.0408,1.16,10H-anthracen-9-one,JCSP2.1998.101,http://dx.doi.org/10.1039/A704427E,0.8559
c1ccc2c(c1)[nH]c(=S)o2,pKBHX.0409,1.24,"3H-1,3-benzoxazole-2-thione",JMC.2009.4073,http://dx.doi.org/10.1021/jm801331y,1.5128
c1ccc2c(c1)c(=O)c3ccccc3o2,pKBHX.0410,1.36,xanthen-9-one,JCSP2.1998.101,http://dx.doi.org/10.1039/A704427E,1.4511
c1ccc2c(c1)c(=O)c3ccccc3s2,pKBHX.0411,1.18,thioxanthen-9-one,JCSP2.1998.101,http://dx.doi.org/10.1039/A704427E,1.0378
c1ccc2c(c1)cc3ccccc3n2,pKBHX.0412,1.95,acridine,JCSP2.1998.283,http://dx.doi.org/10.1039/A706696A,0.7783
c1ccc2c(c1)ccc(=O)o2,pKBHX.0413,1.3,chromen-2-one,JCSP2.1994.485,http://dx.doi.org/10.1039/P29940000485,1.1954
c1ccc2c(c1)ccc3c2cccc3,pKBHX.0414,-0.53,phenanthrene,JMC.2009.4073,http://dx.doi.org/10.1021/jm801331y,0.0
c1ccc2c(c1)ccc3c2nccc3,pKBHX.0415,1.16,benzo[h]quinoline,JCSP2.1998.283,http://dx.doi.org/10.1039/A706696A,0.7909
c1ccc2c(c1)cccn2,pKBHX.0416,1.89,quinoline,JCSP2.1998.283,http://dx.doi.org/10.1039/A706696A,0.7837
c1ccc2c(c1)cnc3c2cccc3,pKBHX.0417,1.87,phenanthridine,JCSP2.1998.283,http://dx.doi.org/10.1039/A706696A,0.7917
c1ccc2c(c1)cncn2,pKBHX.0418,1.55,quinazoline,JCSP2.1998.283,http://dx.doi.org/10.1039/A706696A,1.4725
c1ccc2c(c1)nc3ccccc3n2,pKBHX.0419,1.52,phenazine,JCSP2.1998.283,http://dx.doi.org/10.1039/A706696A,1.458
c1ccc2c(c1)ncs2,pKBHX.0420,1.35,"1,3-benzothiazole",JMC.2009.4073,http://dx.doi.org/10.1021/jm801331y,0.8725
c1ccc2ccccc2c1,pKBHX.0421,-0.48,naphthalene,JMC.2009.4073,http://dx.doi.org/10.1021/jm801331y,0.0
c1ccc2cnccc2c1,pKBHX.0422,1.94,isoquinoline,JCSP2.1998.283,http://dx.doi.org/10.1039/A706696A,0.7933
c1ccc2cnncc2c1,pKBHX.0423,2.27,phthalazine,JCSP2.1998.283,http://dx.doi.org/10.1039/A706696A,1.1744
c1cccc(=O)cc1,pKBHX.0424,1.97,"cyclohepta-2,4,6-trien-1-one",JCSP2.1998.101,http://dx.doi.org/10.1039/A704427E,0.8114
c1ccccc1,pKBHX.0425,-0.49,benzene,JMC.2009.4073,http://dx.doi.org/10.1021/jm801331y,0.0
c1ccn(=O)cc1,pKBHX.0426,2.72,pyridine:1-oxide,JMC.2009.4073,http://dx.doi.org/10.1021/jm801331y,0.6903
c1ccnc(c1)Br,pKBHX.0427,1.03,2-bromopyridine,JCSP2.1998.283,http://dx.doi.org/10.1039/A706696A,0.8339
c1ccnc(c1)C#N,pKBHX.0428,0.85,pyridine-2-carbonitrile,JCSP2.1998.283,http://dx.doi.org/10.1039/A706696A,1.3306
c1ccnc(c1)Cl,pKBHX.0429,1.05,2-chloropyridine,JCSP2.1998.283,http://dx.doi.org/10.1039/A706696A,0.8456
c1ccnc(c1)F,pKBHX.0430,0.95,2-fluoropyridine,JCSP2.1998.283,http://dx.doi.org/10.1039/A706696A,1.0582
c1ccnc(c1)N,pKBHX.0431,2.12,pyridin-2-amine,JCSP2.1998.283,http://dx.doi.org/10.1039/A706696A,1.81
c1ccnc(c1)c2ccccn2,pKBHX.0432,1.45,2-(2-pyridyl)pyridine,JCSP2.1998.283,http://dx.doi.org/10.1039/A706696A,1.5616
c1ccncc1,pKBHX.0433,1.86,pyridine,JCSP2.1998.283,http://dx.doi.org/10.1039/A706696A,0.7847
c1ccnnc1,pKBHX.0434,1.95,pyridazine,JCSP2.1998.283,http://dx.doi.org/10.1039/A706696A,1.1292
c1ccoc1,pKBHX.0435,-0.4,furan,EJOC.1998.925,http://dx.doi.org/10.1002/(SICI)1099-0690(199805)1998:5<925::AID-EJOC925>3.0.CO;2-F,0.6772
c1ccsc1,pKBHX.0436,-0.5,thiophene,JMC.2009.4073,http://dx.doi.org/10.1021/jm801331y,0.2501
c1cn(=O)ccc1Cl,pKBHX.0437,2.44,4-chloropyridine:1-oxide,JMC.2009.4073,http://dx.doi.org/10.1021/jm801331y,0.8515
c1cn(=O)ccc1N(=O)=O,pKBHX.0438,1.05,4-nitropyridine:1-oxide,JMC.2009.4073,http://dx.doi.org/10.1021/jm801331y,1.5444
c1cnc(nc1)N,pKBHX.0439,1.85,pyrimidin-2-amine,JCSP2.1998.283,http://dx.doi.org/10.1039/A706696A,2.3163
c1cnc[nH]1,pKBHX.0440,2.47,imidazole,EJOC.2009.4939,http://dx.doi.org/10.1002/ejoc.200900569,1.5531
c1cnccc1C#N,pKBHX.0441,1.05,pyridine-4-carbonitrile,JCSP2.1998.283,http://dx.doi.org/10.1039/A706696A,1.4324
c1cnccc1Cl,pKBHX.0442,1.54,4-chloropyridine,JCSP2.1998.283,http://dx.doi.org/10.1039/A706696A,0.9798
c1cnccc1N,pKBHX.0443,2.56,pyridin-4-amine,JCSP2.1998.283,http://dx.doi.org/10.1039/A706696A,1.8744
c1cnccc1N2CCCC2,pKBHX.0444,2.93,4-pyrrolidin-1-ylpyridine,JCSP2.1998.283,http://dx.doi.org/10.1039/A706696A,1.6231
c1cnccc1N2CCCCC2,pKBHX.0445,2.68,4-(1-piperidyl)pyridine,JCSP2.1998.283,http://dx.doi.org/10.1039/A706696A,1.6297
c1cnccn1,pKBHX.0446,1.22,pyrazine,JCSP2.1998.283,http://dx.doi.org/10.1039/A706696A,1.3998
c1cncnc1,pKBHX.0447,1.37,pyrimidine,JCSP2.1998.283,http://dx.doi.org/10.1039/A706696A,1.4266
c1cnoc1,pKBHX.0448,0.81,isoxazole,JMC.2009.4073,http://dx.doi.org/10.1021/jm801331y,1.0224
c1coc(=O)o1,pKBHX.0449,0.69,"1,3-dioxol-2-one",JCSP2.1994.485,http://dx.doi.org/10.1039/P29940000485,1.234
c1coccc1=O,pKBHX.0450,2.03,pyran-4-one,JCSP2.1998.101,http://dx.doi.org/10.1039/A704427E,1.333
c1cocn1,pKBHX.0451,1.3,oxazole,JMC.2009.4073,http://dx.doi.org/10.1021/jm801331y,1.2619
c1cscn1,pKBHX.0452,1.37,thiazole,JMC.2009.4073,http://dx.doi.org/10.1021/jm801331y,0.8494
c1ncncn1,pKBHX.0453,0.8,"1,3,5-triazine",JCSP2.1998.283,http://dx.doi.org/10.1039/A706696A,1.9158
